id;first_name;last_name;gender;email;phone;address_line_1;address_line_2;city;country
1;Hassie;Dibbert;FEMALE;";*r@}>HqJ(.\";872-854-0504 x10253;idle lonely oh;so;Broomfield;Chile
2;Jimmy;Jakubowski;MALE;"KL\Zd@#}Z^P(.Y0y6~b";725.554.3905;instead like fuss;sandwich slap yahoo;Nicocester;Barbados
3;Willow;Schmitt;OTHER;"f@)w.++T,";996.687.1516 x0399;inwardly;unaccountably pish;Littleton;Turks and Caicos Islands
4;Dedrick;Satterfield;OTHER;"K@kg*q<.Mx/v}v";1-605-613-4984 x893;hear;between merrily;East Retta;Canada
5;Della;Kertzmann;FEMALE;";siu.G@0d||?.-PjRC";773-363-9022;save;key yowza physically;Placentia;Afghanistan
6;Asa;Renner;MALE;"n@Xp~MC.Tc~jT";1-243-419-6728;gah modulo;perpendicular;Otiliafort;Nauru
7;Chester;Farrell;MALE;"uQtPT@H.+Sv}";1-731-741-0759 x3648;um yahoo;giving woot absent;Priscillaton;Turkmenistan
8;Dejuan;Reichel;MALE;"+ysD_`@d8{k.>";1-558-937-8415 x6310;oof modulo;oppose;Hillsboro;Botswana
9;Hilario;Torp;FEMALE;"cm@R.AAN(%)";(275) 846-5075;hmph;brain;Fort Clara;North Macedonia
10;Keon;Padberg;MALE;"H{>G@ZS.Oub";(395) 769-9181 x17321;sow ew bark;that;Anaheim;United Kingdom
